{
  "SUPABASE_URL": "https://sdbjkgemwosgqnjufxyv.supabase.co",
  "SUPABASE_ANON_KEY": "eyJhbGciOiJIUzI1NiIsInR5cCI6IkpXVCJ9.eyJpc3MiOiJzdXBhYmFzZSIsInJlZiI6InNkYmprZ2Vtd29zZ3FuanVmeHl2Iiwicm9sZSI6ImFub24iLCJpYXQiOjE3NTYyNzAwNzUsImV4cCI6MjA3MTg0NjA3NX0.aYBuMNldhnm-v9JEOv1iBp1AMSBc7nq4lsJzuNb9pf0",
  "OPENAI_API_KEY": "your-openai-api-key-here",
  "GEMINI_API_KEY": "your-gemini-api-key-here",
  "ANTHROPIC_API_KEY": "your-anthropic-api-key-here",
  "PERPLEXITY_API_KEY": "your-perplexity-api-key-here"
}